{"cameraMode":{"drawMode":0,"name":"Shaded","section":"Shading Mode"},"sceneLighting":true,"audioPlay":false,"sceneViewState":{"showFog":false,"showMaterialUpdate":false,"showSkybox":false,"showFlares":false,"showImageEffects":false,"showParticleSystems":false},"in2DMode":false,"pivot":{"x":635.9896240234375,"y":183.2413330078125,"z":285.0882568359375},"rotation":{"x":-0.13637197017669679,"y":-0.012781749479472638,"z":0.001759753911755979,"w":-0.9905744194984436},"size":1354.721923828125,"orthographic":false}