{"cameraMode":{"drawMode":0,"name":"Shaded","section":"Shading Mode"},"sceneLighting":true,"audioPlay":false,"sceneViewState":{"showFog":false,"showMaterialUpdate":false,"showSkybox":false,"showFlares":false,"showImageEffects":false,"showParticleSystems":false},"in2DMode":false,"pivot":{"x":-0.25137338042259219,"y":12.440624237060547,"z":-1.8964200019836426},"rotation":{"x":0.5788921117782593,"y":-0.0073383878916502,"z":0.005210170056670904,"w":0.8153544068336487},"size":2.5864903926849367,"orthographic":false}