{"cameraMode":{"drawMode":0,"name":"Shaded","section":"Shading Mode"},"sceneLighting":true,"audioPlay":false,"sceneViewState":{"showFog":false,"showMaterialUpdate":false,"showSkybox":false,"showFlares":false,"showImageEffects":false,"showParticleSystems":false},"in2DMode":false,"pivot":{"x":-3.8776726722717287,"y":2.2255330085754396,"z":-0.3226485252380371},"rotation":{"x":-0.02083357237279415,"y":-0.12504228949546815,"z":-0.002626270754262805,"w":0.9919293522834778},"size":6.027976036071777,"orthographic":false}