{"cameraMode":{"drawMode":0,"name":"Shaded","section":"Shading Mode"},"sceneLighting":true,"audioPlay":false,"sceneViewState":{"showFog":false,"showMaterialUpdate":false,"showSkybox":false,"showFlares":false,"showImageEffects":false,"showParticleSystems":false},"in2DMode":false,"pivot":{"x":-9.380657196044922,"y":-0.8671202659606934,"z":-5.39806604385376},"rotation":{"x":0.3102005422115326,"y":-0.20599158108234406,"z":0.06904129683971405,"w":0.9255146980285645},"size":27.80423927307129,"orthographic":false}