{"cameraMode":{"drawMode":0,"name":"Shaded","section":"Shading Mode"},"sceneLighting":true,"audioPlay":false,"sceneViewState":{"showFog":true,"showMaterialUpdate":false,"showSkybox":true,"showFlares":true,"showImageEffects":true,"showParticleSystems":true},"in2DMode":false,"pivot":{"x":-0.27390003204345705,"y":1.0156199932098389,"z":-0.4302000403404236},"rotation":{"x":0.35348740220069888,"y":-0.32109495997428896,"z":0.13063746690750123,"w":0.8688380718231201},"size":18.049394607543947,"orthographic":false}