{"cameraMode":{"drawMode":0,"name":"Shaded","section":"Shading Mode"},"sceneLighting":true,"audioPlay":false,"sceneViewState":{"showFog":false,"showMaterialUpdate":false,"showSkybox":false,"showFlares":false,"showImageEffects":false,"showParticleSystems":false},"in2DMode":false,"pivot":{"x":-3.3948814868927,"y":-5.077543258666992,"z":-0.07975482940673828},"rotation":{"x":0.3823830485343933,"y":-0.15547841787338258,"z":0.06544183939695358,"w":0.9084753394126892},"size":43.767093658447269,"orthographic":false}