{"cameraMode":{"drawMode":0,"name":"Shaded","section":"Shading Mode"},"sceneLighting":false,"audioPlay":false,"sceneViewState":{"showFog":false,"showMaterialUpdate":false,"showSkybox":false,"showFlares":false,"showImageEffects":false,"showParticleSystems":false},"in2DMode":false,"pivot":{"x":0.0,"y":1.3689781427383423,"z":1.3131159543991089},"rotation":{"x":0.2517385482788086,"y":-0.39583703875541689,"z":0.11378098279237747,"w":0.8757826685905457},"size":2.1719653606414797,"orthographic":true}