{"cameraMode":{"drawMode":0,"name":"Shaded","section":"Shading Mode"},"sceneLighting":true,"audioPlay":false,"sceneViewState":{"showFog":true,"showMaterialUpdate":false,"showSkybox":true,"showFlares":true,"showImageEffects":true,"showParticleSystems":true},"in2DMode":false,"pivot":{"x":-7.508840560913086,"y":2.30377197265625,"z":-1.6652393341064454},"rotation":{"x":0.21886469423770905,"y":-0.17597949504852296,"z":0.04016595333814621,"w":0.9589142203330994},"size":20.57099151611328,"orthographic":false}