{"cameraMode":{"drawMode":0,"name":"Shaded","section":"Shading Mode"},"sceneLighting":true,"audioPlay":false,"sceneViewState":{"showFog":true,"showMaterialUpdate":false,"showSkybox":true,"showFlares":true,"showImageEffects":true,"showParticleSystems":true},"in2DMode":false,"pivot":{"x":3.1801857948303224,"y":2.9388818740844728,"z":0.07515597343444824},"rotation":{"x":0.5770766735076904,"y":-0.32686561346054079,"z":0.2702677845954895,"w":0.6979242563247681},"size":9.653512001037598,"orthographic":false}