{"cameraMode":{"drawMode":0,"name":"Shaded","section":"Shading Mode"},"sceneLighting":true,"audioPlay":false,"sceneViewState":{"showFog":false,"showMaterialUpdate":false,"showSkybox":false,"showFlares":false,"showImageEffects":false,"showParticleSystems":false},"in2DMode":false,"pivot":{"x":3.4766454696655275,"y":-1.648832082748413,"z":-0.6812126636505127},"rotation":{"x":0.12744951248168946,"y":0.7483565807342529,"z":-0.15061011910438538,"w":0.6332747936248779},"size":10.759583473205567,"orthographic":false}