{"cameraMode":{"drawMode":0,"name":"Shaded","section":"Shading Mode"},"sceneLighting":true,"audioPlay":false,"sceneViewState":{"showFog":false,"showMaterialUpdate":false,"showSkybox":false,"showFlares":false,"showImageEffects":false,"showParticleSystems":false},"in2DMode":false,"pivot":{"x":6.2137932777404789,"y":2.416728973388672,"z":-8.457639694213868},"rotation":{"x":0.2936705946922302,"y":-0.08873472362756729,"z":0.027390312403440477,"w":0.9513852596282959},"size":27.013776779174806,"orthographic":false}