{"cameraMode":{"drawMode":0,"name":"Shaded","section":"Shading Mode"},"sceneLighting":true,"audioPlay":false,"sceneViewState":{"showFog":true,"showMaterialUpdate":false,"showSkybox":true,"showFlares":true,"showImageEffects":true,"showParticleSystems":true},"in2DMode":false,"pivot":{"x":4.457108974456787,"y":2.7696423530578615,"z":-0.29036450386047366},"rotation":{"x":0.1982148289680481,"y":-0.2946663200855255,"z":0.06262058019638062,"w":0.9327172636985779},"size":0.7243062853813171,"orthographic":false}